constraint_id,source_candidate_id,constraint_item_type,scope,disposition,edge_count,review_status
MFC-000001,1,REFERENCE_EXISTENCE,CROSS_TABLE,INCLUDED,1,CLOSED
MFC-000002,2,REFERENCE_EXISTENCE,CROSS_TABLE,INCLUDED,1,CLOSED
MFC-000003,3,REFERENCE_EXISTENCE,CROSS_TABLE,INCLUDED,1,CLOSED
MFC-000004,4,REFERENCE_EXISTENCE,CROSS_TABLE,INCLUDED,1,CLOSED
MFC-000005,5,REFERENCE_EXISTENCE,CROSS_TABLE,INCLUDED,1,CLOSED
MFC-000006,6,REFERENCE_EXISTENCE,CROSS_TABLE,INCLUDED,1,CLOSED
MFC-000007,7,REFERENCE_EXISTENCE,CROSS_TABLE,INCLUDED,1,CLOSED
MFC-000008,8,REFERENCE_EXISTENCE,CROSS_TABLE,INCLUDED,1,CLOSED
MFC-000009,9,REFERENCE_EXISTENCE,CROSS_TABLE,INCLUDED,1,CLOSED
MFC-000010,10,REFERENCE_EXISTENCE,CROSS_TABLE,INCLUDED,1,CLOSED
MFC-000011,11,REFERENCE_EXISTENCE,CROSS_TABLE,INCLUDED,1,CLOSED
MFC-000012,12,REFERENCE_EXISTENCE,CROSS_TABLE,INCLUDED,1,CLOSED
MFC-000013,13,REFERENCE_EXISTENCE,CROSS_TABLE,INCLUDED,1,CLOSED
MFC-000014,14,REFERENCE_EXISTENCE,CROSS_TABLE,INCLUDED,1,CLOSED
MFC-000015,15,REFERENCE_EXISTENCE,CROSS_TABLE,INCLUDED,1,CLOSED
MFC-000016,16,REFERENCE_EXISTENCE,CROSS_TABLE,INCLUDED,1,CLOSED
MFC-000017,17,REFERENCE_EXISTENCE,CROSS_TABLE,INCLUDED,1,CLOSED
MFC-000018,18,REFERENCE_EXISTENCE,CROSS_TABLE,INCLUDED,1,CLOSED
MFC-000019,19,REFERENCE_EXISTENCE,CROSS_TABLE,INCLUDED,1,CLOSED
MFC-000020,20,REFERENCE_EXISTENCE,CROSS_TABLE,INCLUDED,1,CLOSED
MFC-000021,21,REFERENCE_EXISTENCE,CROSS_TABLE,INCLUDED,1,CLOSED
MFC-000022,22,REFERENCE_EXISTENCE,CROSS_TABLE,INCLUDED,1,CLOSED
MFC-000023,23,REFERENCE_EXISTENCE,CROSS_TABLE,INCLUDED,2,CLOSED
MFC-000024,24,REFERENCE_EXISTENCE,CROSS_TABLE,INCLUDED,1,CLOSED
MFC-000025,25,REFERENCE_EXISTENCE,CROSS_TABLE,INCLUDED,1,CLOSED
MFC-000026,26,REFERENCE_EXISTENCE,CROSS_TABLE,INCLUDED,1,CLOSED
MFC-000027,27,REFERENCE_EXISTENCE,CROSS_TABLE,INCLUDED,1,CLOSED
MFC-000028,28,COMPARISON,CROSS_TABLE,INCLUDED,3,CLOSED
MFC-000029,29,COMPARISON,INTRA_TABLE,INCLUDED,1,CLOSED
MFC-000030,30,REFERENCE_EXISTENCE,CROSS_TABLE,INCLUDED,1,CLOSED
MFC-000031,31,REFERENCE_EXISTENCE,CROSS_TABLE,INCLUDED,1,CLOSED
MFC-000032,32,REFERENCE_EXISTENCE,CROSS_TABLE,INCLUDED,1,CLOSED
MFC-000033,33,REFERENCE_EXISTENCE,CROSS_TABLE,INCLUDED,2,CLOSED
MFC-000034,34,REFERENCE_EXISTENCE,CROSS_TABLE,INCLUDED,1,CLOSED
MFC-000035,35,REFERENCE_EXISTENCE,CROSS_TABLE,INCLUDED,1,CLOSED
MFC-000036,36,REFERENCE_EXISTENCE,CROSS_TABLE,INCLUDED,1,CLOSED
MFC-000037,37,REFERENCE_EXISTENCE,CROSS_TABLE,INCLUDED,1,CLOSED
MFC-000038,38,REFERENCE_EXISTENCE,CROSS_TABLE,INCLUDED,1,CLOSED
MFC-000039,39,COMPARISON,CROSS_TABLE,INCLUDED,3,CLOSED
MFC-000040,40,COMPARISON,INTRA_TABLE,INCLUDED,1,CLOSED
MFC-000041,41,REFERENCE_EXISTENCE,CROSS_TABLE,INCLUDED,1,CLOSED
MFC-000042,42,REFERENCE_EXISTENCE,CROSS_TABLE,INCLUDED,1,CLOSED
MFC-000043,43,REFERENCE_EXISTENCE,CROSS_TABLE,INCLUDED,1,CLOSED
MFC-000044,44,REFERENCE_EXISTENCE,CROSS_TABLE,INCLUDED,1,CLOSED
MFC-000045,45,REFERENCE_EXISTENCE,CROSS_TABLE,INCLUDED,2,CLOSED
MFC-000046,46,REFERENCE_EXISTENCE,CROSS_TABLE,INCLUDED,1,CLOSED
MFC-000047,47,REFERENCE_EXISTENCE,CROSS_TABLE,INCLUDED,1,CLOSED
MFC-000048,48,REFERENCE_EXISTENCE,CROSS_TABLE,INCLUDED,1,CLOSED
MFC-000049,49,REFERENCE_EXISTENCE,CROSS_TABLE,INCLUDED,1,CLOSED
MFC-000050,50,REFERENCE_EXISTENCE,CROSS_TABLE,INCLUDED,1,CLOSED
MFC-000051,51,REFERENCE_EXISTENCE,CROSS_TABLE,INCLUDED,1,CLOSED
MFC-000052,52,REFERENCE_EXISTENCE,CROSS_TABLE,INCLUDED,1,CLOSED
MFC-000053,53,COMPARISON,INTRA_TABLE,INCLUDED,1,CLOSED
MFC-000054,54,REFERENCE_EXISTENCE,CROSS_TABLE,INCLUDED,1,CLOSED
MFC-000055,55,REFERENCE_EXISTENCE,CROSS_TABLE,INCLUDED,1,CLOSED
MFC-000056,56,COMPARISON,INTRA_TABLE,INCLUDED,1,CLOSED
MFC-000057,57,REFERENCE_EXISTENCE,CROSS_TABLE,INCLUDED,1,CLOSED
MFC-000058,58,REFERENCE_EXISTENCE,CROSS_TABLE,INCLUDED,1,CLOSED
MFC-000059,59,REFERENCE_EXISTENCE,CROSS_TABLE,INCLUDED,1,CLOSED
MFC-000060,60,REFERENCE_EXISTENCE,CROSS_TABLE,INCLUDED,2,CLOSED
MFC-000061,61,REFERENCE_EXISTENCE,CROSS_TABLE,INCLUDED,2,CLOSED
MFC-000062,62,REFERENCE_EXISTENCE,CROSS_TABLE,INCLUDED,1,CLOSED
MFC-000063,63,REFERENCE_EXISTENCE,CROSS_TABLE,INCLUDED,1,CLOSED
MFC-000064,64,REFERENCE_EXISTENCE,CROSS_TABLE,INCLUDED,1,CLOSED
MFC-000065,65,REFERENCE_EXISTENCE,CROSS_TABLE,INCLUDED,2,CLOSED
MFC-000066,66,REFERENCE_EXISTENCE,CROSS_TABLE,INCLUDED,1,CLOSED
MFC-000067,67,REFERENCE_EXISTENCE,CROSS_TABLE,INCLUDED,2,CLOSED
MFC-000068,68,REFERENCE_EXISTENCE,CROSS_TABLE,INCLUDED,1,CLOSED
MFC-000069,69,REFERENCE_EXISTENCE,CROSS_TABLE,INCLUDED,1,CLOSED
MFC-000070,70,REFERENCE_EXISTENCE,CROSS_TABLE,INCLUDED,1,CLOSED
MFC-000071,71,REFERENCE_EXISTENCE,CROSS_TABLE,INCLUDED,1,CLOSED
MFC-000072,72,REFERENCE_EXISTENCE,CROSS_TABLE,INCLUDED,2,CLOSED
MFC-000073,73,REFERENCE_EXISTENCE,CROSS_TABLE,INCLUDED,1,CLOSED
MFC-000074,74,REFERENCE_EXISTENCE,CROSS_TABLE,INCLUDED,4,CLOSED
MFC-000075,75,REFERENCE_EXISTENCE,CROSS_TABLE,INCLUDED,1,CLOSED
MFC-000076,76,REFERENCE_EXISTENCE,CROSS_TABLE,INCLUDED,1,CLOSED
MFC-000077,77,REFERENCE_EXISTENCE,CROSS_TABLE,INCLUDED,1,CLOSED
MFC-000078,78,REFERENCE_EXISTENCE,CROSS_TABLE,INCLUDED,1,CLOSED
MFC-000079,79,REFERENCE_EXISTENCE,CROSS_TABLE,INCLUDED,1,CLOSED
MFC-000080,80,REFERENCE_EXISTENCE,CROSS_TABLE,INCLUDED,1,CLOSED
MFC-000081,81,REFERENCE_EXISTENCE,CROSS_TABLE,INCLUDED,1,CLOSED
MFC-000082,82,REFERENCE_EXISTENCE,CROSS_TABLE,INCLUDED,1,CLOSED
MFC-000083,83,REFERENCE_EXISTENCE,CROSS_TABLE,INCLUDED,1,CLOSED
MFC-000084,84,REFERENCE_EXISTENCE,CROSS_TABLE,INCLUDED,1,CLOSED
MFC-000085,85,REFERENCE_EXISTENCE,CROSS_TABLE,INCLUDED,1,CLOSED
MFC-000086,86,REFERENCE_EXISTENCE,CROSS_TABLE,INCLUDED,1,CLOSED
MFC-000087,87,REFERENCE_EXISTENCE,CROSS_TABLE,INCLUDED,1,CLOSED
MFC-000088,88,REFERENCE_EXISTENCE,CROSS_TABLE,INCLUDED,2,CLOSED
MFC-000089,89,REFERENCE_EXISTENCE,CROSS_TABLE,INCLUDED,1,CLOSED
MFC-000090,90,REFERENCE_EXISTENCE,CROSS_TABLE,INCLUDED,1,CLOSED
MFC-000091,91,REFERENCE_EXISTENCE,CROSS_TABLE,INCLUDED,1,CLOSED
MFC-000092,92,REFERENCE_EXISTENCE,CROSS_TABLE,INCLUDED,1,CLOSED
MFC-000093,93,REFERENCE_EXISTENCE,CROSS_TABLE,INCLUDED,1,CLOSED
MFC-000094,94,REFERENCE_EXISTENCE,CROSS_TABLE,INCLUDED,1,CLOSED
MFC-000095,95,REFERENCE_EXISTENCE,CROSS_TABLE,INCLUDED,1,CLOSED
MFC-000096,96,REFERENCE_EXISTENCE,CROSS_TABLE,INCLUDED,1,CLOSED
MFC-000097,97,REFERENCE_EXISTENCE,CROSS_TABLE,INCLUDED,2,CLOSED
MFC-000098,98,REFERENCE_EXISTENCE,CROSS_TABLE,INCLUDED,1,CLOSED
MFC-000099,99,REFERENCE_EXISTENCE,CROSS_TABLE,INCLUDED,1,CLOSED
MFC-000100,100,COMPARISON,INTRA_TABLE,INCLUDED,2,CLOSED
MFC-000101,101,REFERENCE_EXISTENCE,CROSS_TABLE,INCLUDED,1,CLOSED
MFC-000102,102,REFERENCE_EXISTENCE,CROSS_TABLE,INCLUDED,1,CLOSED
MFC-000103,103,REFERENCE_EXISTENCE,CROSS_TABLE,INCLUDED,1,CLOSED
MFC-000104,104,REFERENCE_EXISTENCE,CROSS_TABLE,INCLUDED,1,CLOSED
MFC-000105,105,REFERENCE_EXISTENCE,CROSS_TABLE,INCLUDED,1,CLOSED
MFC-000106,106,REFERENCE_EXISTENCE,CROSS_TABLE,INCLUDED,1,CLOSED
MFC-000107,107,REFERENCE_EXISTENCE,CROSS_TABLE,INCLUDED,1,CLOSED
MFC-000108,108,REFERENCE_EXISTENCE,CROSS_TABLE,INCLUDED,1,CLOSED
MFC-000109,109,REFERENCE_EXISTENCE,CROSS_TABLE,INCLUDED,2,CLOSED
MFC-000110,110,REFERENCE_EXISTENCE,CROSS_TABLE,INCLUDED,1,CLOSED
MFC-000111,111,REFERENCE_EXISTENCE,CROSS_TABLE,INCLUDED,1,CLOSED
MFC-000112,112,REFERENCE_EXISTENCE,CROSS_TABLE,INCLUDED,1,CLOSED
MFC-000113,113,REFERENCE_EXISTENCE,CROSS_TABLE,INCLUDED,1,CLOSED
MFC-000114,114,REFERENCE_EXISTENCE,CROSS_TABLE,INCLUDED,1,CLOSED
MFC-000115,115,REFERENCE_EXISTENCE,CROSS_TABLE,INCLUDED,1,CLOSED
MFC-000116,116,REFERENCE_EXISTENCE,CROSS_TABLE,INCLUDED,1,CLOSED
MFC-000117,117,REFERENCE_EXISTENCE,CROSS_TABLE,INCLUDED,1,CLOSED
MFC-000118,118,REFERENCE_EXISTENCE,CROSS_TABLE,INCLUDED,2,CLOSED
MFC-000119,119,REFERENCE_EXISTENCE,CROSS_TABLE,INCLUDED,1,CLOSED
MFC-000120,120,REFERENCE_EXISTENCE,CROSS_TABLE,INCLUDED,1,CLOSED
MFC-000121,121,COMPARISON,INTRA_TABLE,INCLUDED,2,CLOSED
MFC-000122,122,REFERENCE_EXISTENCE,CROSS_TABLE,INCLUDED,1,CLOSED
MFC-000123,123,REFERENCE_EXISTENCE,CROSS_TABLE,INCLUDED,1,CLOSED
MFC-000124,124,REFERENCE_EXISTENCE,CROSS_TABLE,INCLUDED,1,CLOSED
MFC-000125,125,REFERENCE_EXISTENCE,CROSS_TABLE,INCLUDED,1,CLOSED
MFC-000126,126,REFERENCE_EXISTENCE,CROSS_TABLE,INCLUDED,1,CLOSED
MFC-000127,127,REFERENCE_EXISTENCE,CROSS_TABLE,INCLUDED,1,CLOSED
MFC-000128,128,REFERENCE_EXISTENCE,CROSS_TABLE,INCLUDED,1,CLOSED
MFC-000129,129,REFERENCE_EXISTENCE,CROSS_TABLE,INCLUDED,1,CLOSED
MFC-000130,130,REFERENCE_EXISTENCE,CROSS_TABLE,INCLUDED,2,CLOSED
MFC-000131,131,REFERENCE_EXISTENCE,CROSS_TABLE,INCLUDED,1,CLOSED
MFC-000132,132,REFERENCE_EXISTENCE,CROSS_TABLE,INCLUDED,1,CLOSED
MFC-000133,133,REFERENCE_EXISTENCE,CROSS_TABLE,INCLUDED,1,CLOSED
MFC-000134,134,REFERENCE_EXISTENCE,CROSS_TABLE,INCLUDED,1,CLOSED
MFC-000135,135,REFERENCE_EXISTENCE,CROSS_TABLE,INCLUDED,1,CLOSED
MFC-000136,136,REFERENCE_EXISTENCE,CROSS_TABLE,INCLUDED,1,CLOSED
MFC-000137,137,REFERENCE_EXISTENCE,CROSS_TABLE,INCLUDED,1,CLOSED
MFC-000138,138,REFERENCE_EXISTENCE,CROSS_TABLE,INCLUDED,1,CLOSED
MFC-000139,139,REFERENCE_EXISTENCE,CROSS_TABLE,INCLUDED,2,CLOSED
MFC-000140,140,REFERENCE_EXISTENCE,CROSS_TABLE,INCLUDED,1,CLOSED
MFC-000141,141,COMPARISON,INTRA_TABLE,INCLUDED,2,CLOSED
MFC-000142,142,REFERENCE_EXISTENCE,CROSS_TABLE,INCLUDED,1,CLOSED
MFC-000143,143,REFERENCE_EXISTENCE,CROSS_TABLE,INCLUDED,1,CLOSED
MFC-000144,144,REFERENCE_EXISTENCE,CROSS_TABLE,INCLUDED,1,CLOSED
MFC-000145,145,REFERENCE_EXISTENCE,CROSS_TABLE,INCLUDED,1,CLOSED
MFC-000146,146,REFERENCE_EXISTENCE,CROSS_TABLE,INCLUDED,1,CLOSED
MFC-000147,147,REFERENCE_EXISTENCE,CROSS_TABLE,INCLUDED,1,CLOSED
MFC-000148,148,REFERENCE_EXISTENCE,CROSS_TABLE,INCLUDED,1,CLOSED
MFC-000149,149,REFERENCE_EXISTENCE,CROSS_TABLE,INCLUDED,1,CLOSED
MFC-000150,150,REFERENCE_EXISTENCE,CROSS_TABLE,INCLUDED,2,CLOSED
MFC-000151,151,REFERENCE_EXISTENCE,CROSS_TABLE,INCLUDED,1,CLOSED
MFC-000152,152,REFERENCE_EXISTENCE,CROSS_TABLE,INCLUDED,1,CLOSED
MFC-000153,153,REFERENCE_EXISTENCE,CROSS_TABLE,INCLUDED,1,CLOSED
MFC-000154,154,REFERENCE_EXISTENCE,CROSS_TABLE,INCLUDED,1,CLOSED
MFC-000155,155,REFERENCE_EXISTENCE,CROSS_TABLE,INCLUDED,1,CLOSED
MFC-000156,156,REFERENCE_EXISTENCE,CROSS_TABLE,INCLUDED,1,CLOSED
MFC-000157,157,REFERENCE_EXISTENCE,CROSS_TABLE,INCLUDED,1,CLOSED
MFC-000158,158,REFERENCE_EXISTENCE,CROSS_TABLE,INCLUDED,1,CLOSED
MFC-000159,159,REFERENCE_EXISTENCE,CROSS_TABLE,INCLUDED,2,CLOSED
MFC-000160,160,REFERENCE_EXISTENCE,CROSS_TABLE,INCLUDED,1,CLOSED
MFC-000161,161,COMPARISON,INTRA_TABLE,INCLUDED,2,CLOSED
MFC-000162,162,REFERENCE_EXISTENCE,CROSS_TABLE,INCLUDED,1,CLOSED
MFC-000163,163,REFERENCE_EXISTENCE,CROSS_TABLE,INCLUDED,1,CLOSED
MFC-000164,164,REFERENCE_EXISTENCE,CROSS_TABLE,INCLUDED,1,CLOSED
MFC-000165,165,REFERENCE_EXISTENCE,CROSS_TABLE,INCLUDED,1,CLOSED
MFC-000166,166,REFERENCE_EXISTENCE,CROSS_TABLE,INCLUDED,1,CLOSED
MFC-000167,167,REFERENCE_EXISTENCE,CROSS_TABLE,INCLUDED,1,CLOSED
MFC-000168,168,REFERENCE_EXISTENCE,CROSS_TABLE,INCLUDED,1,CLOSED
MFC-000169,169,REFERENCE_EXISTENCE,CROSS_TABLE,INCLUDED,1,CLOSED
MFC-000170,170,REFERENCE_EXISTENCE,CROSS_TABLE,INCLUDED,1,CLOSED
MFC-000171,171,REFERENCE_EXISTENCE,CROSS_TABLE,INCLUDED,1,CLOSED
MFC-000172,172,REFERENCE_EXISTENCE,CROSS_TABLE,INCLUDED,1,CLOSED
MFC-000173,173,REFERENCE_EXISTENCE,CROSS_TABLE,INCLUDED,1,CLOSED
MFC-000174,174,REFERENCE_EXISTENCE,CROSS_TABLE,INCLUDED,1,CLOSED
MFC-000175,175,REFERENCE_EXISTENCE,CROSS_TABLE,INCLUDED,1,CLOSED
MFC-000176,176,REFERENCE_EXISTENCE,CROSS_TABLE,INCLUDED,1,CLOSED
MFC-000177,177,REFERENCE_EXISTENCE,CROSS_TABLE,INCLUDED,1,CLOSED
MFC-000178,178,REFERENCE_EXISTENCE,CROSS_TABLE,INCLUDED,1,CLOSED
MFC-000179,179,REFERENCE_EXISTENCE,CROSS_TABLE,INCLUDED,1,CLOSED
MFC-000180,180,REFERENCE_EXISTENCE,CROSS_TABLE,INCLUDED,1,CLOSED
MFC-000181,181,REFERENCE_EXISTENCE,CROSS_TABLE,INCLUDED,1,CLOSED
MFC-000182,182,REFERENCE_EXISTENCE,CROSS_TABLE,INCLUDED,1,CLOSED
MFC-000183,183,REFERENCE_EXISTENCE,CROSS_TABLE,INCLUDED,1,CLOSED
MFC-000184,184,REFERENCE_EXISTENCE,CROSS_TABLE,INCLUDED,1,CLOSED
MFC-000185,185,REFERENCE_EXISTENCE,CROSS_TABLE,INCLUDED,1,CLOSED
MFC-000186,186,REFERENCE_EXISTENCE,CROSS_TABLE,INCLUDED,1,CLOSED
MFC-000187,187,REFERENCE_EXISTENCE,CROSS_TABLE,INCLUDED,2,CLOSED
MFC-000188,188,REFERENCE_EXISTENCE,CROSS_TABLE,INCLUDED,1,CLOSED
MFC-000189,189,REFERENCE_EXISTENCE,CROSS_TABLE,INCLUDED,1,CLOSED
MFC-000190,190,COMPARISON,INTRA_TABLE,INCLUDED,1,CLOSED
MFC-000191,191,REFERENCE_EXISTENCE,CROSS_TABLE,INCLUDED,1,CLOSED
MFC-000192,192,REFERENCE_EXISTENCE,CROSS_TABLE,INCLUDED,1,CLOSED
MFC-000193,193,REFERENCE_EXISTENCE,CROSS_TABLE,INCLUDED,1,CLOSED
MFC-000194,194,REFERENCE_EXISTENCE,CROSS_TABLE,INCLUDED,1,CLOSED
MFC-000195,195,REFERENCE_EXISTENCE,CROSS_TABLE,INCLUDED,1,CLOSED
MFC-000196,196,REFERENCE_EXISTENCE,CROSS_TABLE,INCLUDED,1,CLOSED
MFC-000197,197,REFERENCE_EXISTENCE,CROSS_TABLE,INCLUDED,1,CLOSED
MFC-000198,198,REFERENCE_EXISTENCE,CROSS_TABLE,INCLUDED,2,CLOSED
MFC-000199,199,REFERENCE_EXISTENCE,CROSS_TABLE,INCLUDED,1,CLOSED
MFC-000200,200,REFERENCE_EXISTENCE,CROSS_TABLE,INCLUDED,1,CLOSED
MFC-000201,201,REFERENCE_EXISTENCE,CROSS_TABLE,INCLUDED,1,CLOSED
MFC-000202,202,REFERENCE_EXISTENCE,CROSS_TABLE,INCLUDED,1,CLOSED
MFC-000203,203,REFERENCE_EXISTENCE,CROSS_TABLE,INCLUDED,1,CLOSED
MFC-000204,204,REFERENCE_EXISTENCE,CROSS_TABLE,INCLUDED,1,CLOSED
MFC-000205,205,REFERENCE_EXISTENCE,CROSS_TABLE,INCLUDED,1,CLOSED
MFC-000206,206,REFERENCE_EXISTENCE,CROSS_TABLE,INCLUDED,1,CLOSED
MFC-000207,207,REFERENCE_EXISTENCE,CROSS_TABLE,INCLUDED,1,CLOSED
MFC-000208,208,REFERENCE_EXISTENCE,CROSS_TABLE,INCLUDED,1,CLOSED
MFC-000209,209,REFERENCE_EXISTENCE,CROSS_TABLE,INCLUDED,1,CLOSED
MFC-000210,210,REFERENCE_EXISTENCE,CROSS_TABLE,INCLUDED,2,CLOSED
MFC-000211,211,REFERENCE_EXISTENCE,CROSS_TABLE,INCLUDED,1,CLOSED
MFC-000212,212,REFERENCE_EXISTENCE,CROSS_TABLE,INCLUDED,1,CLOSED
MFC-000213,213,COMPARISON,INTRA_TABLE,INCLUDED,1,CLOSED
MFC-000214,214,REFERENCE_EXISTENCE,CROSS_TABLE,INCLUDED,1,CLOSED
MFC-000215,215,REFERENCE_EXISTENCE,CROSS_TABLE,INCLUDED,1,CLOSED
MFC-000216,216,REFERENCE_EXISTENCE,CROSS_TABLE,INCLUDED,1,CLOSED
MFC-000217,217,REFERENCE_EXISTENCE,CROSS_TABLE,INCLUDED,1,CLOSED
MFC-000218,218,REFERENCE_EXISTENCE,CROSS_TABLE,INCLUDED,1,CLOSED
MFC-000219,219,REFERENCE_EXISTENCE,CROSS_TABLE,INCLUDED,1,CLOSED
MFC-000220,220,REFERENCE_EXISTENCE,CROSS_TABLE,INCLUDED,1,CLOSED
MFC-000221,221,REFERENCE_EXISTENCE,CROSS_TABLE,INCLUDED,2,CLOSED
MFC-000222,222,REFERENCE_EXISTENCE,CROSS_TABLE,INCLUDED,1,CLOSED
MFC-000223,223,REFERENCE_EXISTENCE,CROSS_TABLE,INCLUDED,1,CLOSED
MFC-000224,224,REFERENCE_EXISTENCE,CROSS_TABLE,INCLUDED,1,CLOSED
MFC-000225,225,REFERENCE_EXISTENCE,CROSS_TABLE,INCLUDED,1,CLOSED
MFC-000226,226,REFERENCE_EXISTENCE,CROSS_TABLE,INCLUDED,1,CLOSED
MFC-000227,227,REFERENCE_EXISTENCE,CROSS_TABLE,INCLUDED,1,CLOSED
MFC-000228,228,REFERENCE_EXISTENCE,CROSS_TABLE,INCLUDED,1,CLOSED
MFC-000229,229,REFERENCE_EXISTENCE,CROSS_TABLE,INCLUDED,2,CLOSED
MFC-000230,230,REFERENCE_EXISTENCE,CROSS_TABLE,INCLUDED,1,CLOSED
MFC-000231,231,REFERENCE_EXISTENCE,CROSS_TABLE,INCLUDED,1,CLOSED
MFC-000232,232,REFERENCE_EXISTENCE,CROSS_TABLE,INCLUDED,1,CLOSED
MFC-000233,233,REFERENCE_EXISTENCE,CROSS_TABLE,INCLUDED,1,CLOSED
MFC-000234,234,REFERENCE_EXISTENCE,CROSS_TABLE,INCLUDED,1,CLOSED
MFC-000235,235,REFERENCE_EXISTENCE,CROSS_TABLE,INCLUDED,1,CLOSED
MFC-000236,236,REFERENCE_EXISTENCE,CROSS_TABLE,INCLUDED,1,CLOSED
MFC-000237,237,REFERENCE_EXISTENCE,CROSS_TABLE,INCLUDED,2,CLOSED
MFC-000238,238,REFERENCE_EXISTENCE,CROSS_TABLE,INCLUDED,1,CLOSED
MFC-000239,239,REFERENCE_EXISTENCE,CROSS_TABLE,INCLUDED,1,CLOSED
MFC-000240,240,REFERENCE_EXISTENCE,CROSS_TABLE,INCLUDED,1,CLOSED
MFC-000241,241,COMPARISON,INTRA_TABLE,INCLUDED,1,CLOSED
MFC-000242,242,COMPARISON,CROSS_TABLE,INCLUDED,2,CLOSED
MFC-000243,243,COMPARISON,INTRA_TABLE,INCLUDED,1,CLOSED
MFC-000244,244,REFERENCE_EXISTENCE,CROSS_TABLE,INCLUDED,1,CLOSED
MFC-000245,245,REFERENCE_EXISTENCE,CROSS_TABLE,INCLUDED,1,CLOSED
MFC-000246,246,REFERENCE_EXISTENCE,CROSS_TABLE,INCLUDED,1,CLOSED
MFC-000247,247,REFERENCE_EXISTENCE,CROSS_TABLE,INCLUDED,1,CLOSED
MFC-000248,248,REFERENCE_EXISTENCE,CROSS_TABLE,INCLUDED,1,CLOSED
MFC-000249,249,REFERENCE_EXISTENCE,CROSS_TABLE,INCLUDED,1,CLOSED
MFC-000250,250,REFERENCE_EXISTENCE,CROSS_TABLE,INCLUDED,1,CLOSED
MFC-000251,251,REFERENCE_EXISTENCE,CROSS_TABLE,INCLUDED,2,CLOSED
MFC-000252,252,REFERENCE_EXISTENCE,CROSS_TABLE,INCLUDED,1,CLOSED
MFC-000253,253,REFERENCE_EXISTENCE,CROSS_TABLE,INCLUDED,1,CLOSED
MFC-000254,254,COMPARISON,INTRA_TABLE,INCLUDED,1,CLOSED
MFC-000255,255,COMPARISON,CROSS_TABLE,INCLUDED,2,CLOSED
MFC-000256,256,COMPARISON,INTRA_TABLE,INCLUDED,1,CLOSED
MFC-000257,257,REFERENCE_EXISTENCE,CROSS_TABLE,INCLUDED,1,CLOSED
MFC-000258,258,REFERENCE_EXISTENCE,CROSS_TABLE,INCLUDED,1,CLOSED
MFC-000259,259,REFERENCE_EXISTENCE,CROSS_TABLE,INCLUDED,1,CLOSED
MFC-000260,260,REFERENCE_EXISTENCE,CROSS_TABLE,INCLUDED,1,CLOSED
MFC-000261,261,REFERENCE_EXISTENCE,CROSS_TABLE,INCLUDED,1,CLOSED
MFC-000262,262,REFERENCE_EXISTENCE,CROSS_TABLE,INCLUDED,2,CLOSED
MFC-000263,263,REFERENCE_EXISTENCE,CROSS_TABLE,INCLUDED,1,CLOSED
MFC-000264,264,REFERENCE_EXISTENCE,CROSS_TABLE,INCLUDED,1,CLOSED
MFC-000265,265,REFERENCE_EXISTENCE,CROSS_TABLE,INCLUDED,1,CLOSED
MFC-000266,266,REFERENCE_EXISTENCE,CROSS_TABLE,INCLUDED,1,CLOSED
MFC-000267,267,REFERENCE_EXISTENCE,CROSS_TABLE,INCLUDED,1,CLOSED
MFC-000268,268,REFERENCE_EXISTENCE,CROSS_TABLE,INCLUDED,2,CLOSED
MFC-000269,269,REFERENCE_EXISTENCE,CROSS_TABLE,INCLUDED,1,CLOSED
MFC-000270,270,REFERENCE_EXISTENCE,CROSS_TABLE,INCLUDED,1,CLOSED
MFC-000271,271,REFERENCE_EXISTENCE,CROSS_TABLE,INCLUDED,1,CLOSED
MFC-000272,272,REFERENCE_EXISTENCE,CROSS_TABLE,INCLUDED,1,CLOSED
MFC-000273,273,REFERENCE_EXISTENCE,CROSS_TABLE,INCLUDED,1,CLOSED
MFC-000274,274,REFERENCE_EXISTENCE,CROSS_TABLE,INCLUDED,1,CLOSED
MFC-000275,275,REFERENCE_EXISTENCE,CROSS_TABLE,INCLUDED,1,CLOSED
MFC-000276,276,REFERENCE_EXISTENCE,CROSS_TABLE,INCLUDED,2,CLOSED
MFC-000277,277,REFERENCE_EXISTENCE,CROSS_TABLE,INCLUDED,1,CLOSED
MFC-000278,278,COMPARISON,INTRA_TABLE,INCLUDED,1,CLOSED
MFC-000279,279,COMPARISON,INTRA_TABLE,INCLUDED,1,CLOSED
MFC-000280,280,COMPARISON,INTRA_TABLE,INCLUDED,1,CLOSED
MFC-000281,281,REFERENCE_EXISTENCE,CROSS_TABLE,INCLUDED,1,CLOSED
MFC-000282,282,REFERENCE_EXISTENCE,CROSS_TABLE,INCLUDED,1,CLOSED
MFC-000283,283,REFERENCE_EXISTENCE,CROSS_TABLE,INCLUDED,1,CLOSED
MFC-000284,284,REFERENCE_EXISTENCE,CROSS_TABLE,INCLUDED,1,CLOSED
MFC-000285,285,REFERENCE_EXISTENCE,CROSS_TABLE,INCLUDED,1,CLOSED
MFC-000286,286,REFERENCE_EXISTENCE,CROSS_TABLE,INCLUDED,2,CLOSED
MFC-000287,287,REFERENCE_EXISTENCE,CROSS_TABLE,INCLUDED,1,CLOSED
MFC-000288,288,REFERENCE_EXISTENCE,CROSS_TABLE,INCLUDED,1,CLOSED
MFC-000289,289,REFERENCE_EXISTENCE,CROSS_TABLE,INCLUDED,1,CLOSED
MFC-000290,290,REFERENCE_EXISTENCE,CROSS_TABLE,INCLUDED,1,CLOSED
MFC-000291,291,REFERENCE_EXISTENCE,CROSS_TABLE,INCLUDED,1,CLOSED
MFC-000292,292,REFERENCE_EXISTENCE,CROSS_TABLE,INCLUDED,2,CLOSED
MFC-000293,293,REFERENCE_EXISTENCE,CROSS_TABLE,INCLUDED,1,CLOSED
MFC-000294,294,REFERENCE_EXISTENCE,CROSS_TABLE,INCLUDED,1,CLOSED
MFC-000295,295,REFERENCE_EXISTENCE,CROSS_TABLE,INCLUDED,1,CLOSED
MFC-000296,296,REFERENCE_EXISTENCE,CROSS_TABLE,INCLUDED,1,CLOSED
MFC-000297,297,REFERENCE_EXISTENCE,CROSS_TABLE,INCLUDED,1,CLOSED
MFC-000298,298,REFERENCE_EXISTENCE,CROSS_TABLE,INCLUDED,2,CLOSED
MFC-000299,299,REFERENCE_EXISTENCE,CROSS_TABLE,INCLUDED,1,CLOSED
MFC-000300,300,REFERENCE_EXISTENCE,CROSS_TABLE,INCLUDED,1,CLOSED
MFC-000301,301,REFERENCE_EXISTENCE,CROSS_TABLE,INCLUDED,1,CLOSED
MFC-000302,302,REFERENCE_EXISTENCE,CROSS_TABLE,INCLUDED,1,CLOSED
MFC-000303,303,REFERENCE_EXISTENCE,CROSS_TABLE,INCLUDED,1,CLOSED
MFC-000304,304,REFERENCE_EXISTENCE,CROSS_TABLE,INCLUDED,2,CLOSED
MFC-000305,305,COMPARISON,INTRA_TABLE,INCLUDED,1,CLOSED
MFC-000306,306,REFERENCE_EXISTENCE,CROSS_TABLE,INCLUDED,2,CLOSED
MFC-000307,307,REFERENCE_EXISTENCE,CROSS_TABLE,INCLUDED,1,CLOSED
MFC-000308,308,REFERENCE_EXISTENCE,CROSS_TABLE,INCLUDED,1,CLOSED
MFC-000309,309,REFERENCE_EXISTENCE,CROSS_TABLE,INCLUDED,1,CLOSED
MFC-000310,310,REFERENCE_EXISTENCE,CROSS_TABLE,INCLUDED,1,CLOSED
MFC-000311,311,REFERENCE_EXISTENCE,CROSS_TABLE,INCLUDED,1,CLOSED
MFC-000312,312,REFERENCE_EXISTENCE,CROSS_TABLE,INCLUDED,2,CLOSED
MFC-000313,313,REFERENCE_EXISTENCE,CROSS_TABLE,INCLUDED,2,CLOSED
MFC-000314,314,REFERENCE_EXISTENCE,CROSS_TABLE,INCLUDED,1,CLOSED
MFC-000315,315,REFERENCE_EXISTENCE,CROSS_TABLE,INCLUDED,1,CLOSED
MFC-000316,316,REFERENCE_EXISTENCE,CROSS_TABLE,INCLUDED,1,CLOSED
MFC-000317,317,REFERENCE_EXISTENCE,CROSS_TABLE,INCLUDED,1,CLOSED
MFC-000318,318,REFERENCE_EXISTENCE,CROSS_TABLE,INCLUDED,1,CLOSED
MFC-000319,319,REFERENCE_EXISTENCE,CROSS_TABLE,INCLUDED,1,CLOSED
MFC-000320,320,REFERENCE_EXISTENCE,CROSS_TABLE,INCLUDED,1,CLOSED
MFC-000321,321,REFERENCE_EXISTENCE,CROSS_TABLE,INCLUDED,1,CLOSED
MFC-000322,322,REFERENCE_EXISTENCE,CROSS_TABLE,INCLUDED,1,CLOSED
MFC-000323,323,REFERENCE_EXISTENCE,CROSS_TABLE,INCLUDED,1,CLOSED
MFC-000324,324,REFERENCE_EXISTENCE,CROSS_TABLE,INCLUDED,1,CLOSED
MFC-000325,325,REFERENCE_EXISTENCE,CROSS_TABLE,INCLUDED,1,CLOSED
MFC-000326,326,REFERENCE_EXISTENCE,CROSS_TABLE,INCLUDED,1,CLOSED
MFC-000327,327,REFERENCE_EXISTENCE,CROSS_TABLE,INCLUDED,1,CLOSED
MFC-000328,328,REFERENCE_EXISTENCE,CROSS_TABLE,INCLUDED,1,CLOSED
MFC-000329,329,REFERENCE_EXISTENCE,CROSS_TABLE,INCLUDED,2,CLOSED
MFC-000330,330,REFERENCE_EXISTENCE,CROSS_TABLE,INCLUDED,1,CLOSED
MFC-000331,331,REFERENCE_EXISTENCE,CROSS_TABLE,INCLUDED,1,CLOSED
MFC-000332,332,REFERENCE_EXISTENCE,CROSS_TABLE,INCLUDED,1,CLOSED
MFC-000333,333,REFERENCE_EXISTENCE,CROSS_TABLE,INCLUDED,1,CLOSED
MFC-000334,334,REFERENCE_EXISTENCE,CROSS_TABLE,INCLUDED,1,CLOSED
MFC-000335,335,REFERENCE_EXISTENCE,CROSS_TABLE,INCLUDED,1,CLOSED
MFC-000336,336,REFERENCE_EXISTENCE,CROSS_TABLE,INCLUDED,2,CLOSED
MFC-000337,337,REFERENCE_EXISTENCE,CROSS_TABLE,INCLUDED,2,CLOSED
MFC-000338,338,REFERENCE_EXISTENCE,CROSS_TABLE,INCLUDED,3,CLOSED
MFC-000339,339,COMPARISON,INTRA_TABLE,INCLUDED,2,CLOSED
MFC-000340,340,REFERENCE_EXISTENCE,CROSS_TABLE,INCLUDED,1,CLOSED
MFC-000341,341,REFERENCE_EXISTENCE,CROSS_TABLE,INCLUDED,1,CLOSED
MFC-000342,342,REFERENCE_EXISTENCE,CROSS_TABLE,INCLUDED,1,CLOSED
MFC-000343,343,REFERENCE_EXISTENCE,CROSS_TABLE,INCLUDED,1,CLOSED
MFC-000344,344,REFERENCE_EXISTENCE,CROSS_TABLE,INCLUDED,2,CLOSED
MFC-000345,345,REFERENCE_EXISTENCE,CROSS_TABLE,INCLUDED,1,CLOSED
MFC-000346,346,REFERENCE_EXISTENCE,CROSS_TABLE,INCLUDED,1,CLOSED
MFC-000347,347,REFERENCE_EXISTENCE,CROSS_TABLE,INCLUDED,1,CLOSED
MFC-000348,348,REFERENCE_EXISTENCE,CROSS_TABLE,INCLUDED,1,CLOSED
MFC-000349,349,REFERENCE_EXISTENCE,CROSS_TABLE,INCLUDED,1,CLOSED
MFC-000350,350,REFERENCE_EXISTENCE,CROSS_TABLE,INCLUDED,1,CLOSED
MFC-000351,351,REFERENCE_EXISTENCE,CROSS_TABLE,INCLUDED,1,CLOSED
MFC-000352,352,REFERENCE_EXISTENCE,CROSS_TABLE,INCLUDED,1,CLOSED
MFC-000353,353,REFERENCE_EXISTENCE,CROSS_TABLE,INCLUDED,1,CLOSED
MFC-000354,354,REFERENCE_EXISTENCE,CROSS_TABLE,INCLUDED,3,CLOSED
MFC-000355,355,REFERENCE_EXISTENCE,CROSS_TABLE,INCLUDED,1,CLOSED
MFC-000356,356,REFERENCE_EXISTENCE,CROSS_TABLE,INCLUDED,1,CLOSED
MFC-000357,357,REFERENCE_EXISTENCE,CROSS_TABLE,INCLUDED,1,CLOSED
MFC-000358,358,REFERENCE_EXISTENCE,CROSS_TABLE,INCLUDED,1,CLOSED
MFC-000359,359,REFERENCE_EXISTENCE,CROSS_TABLE,INCLUDED,1,CLOSED
MFC-000360,360,REFERENCE_EXISTENCE,CROSS_TABLE,INCLUDED,2,CLOSED
MFC-000361,361,REFERENCE_EXISTENCE,CROSS_TABLE,INCLUDED,1,CLOSED
MFC-000362,362,REFERENCE_EXISTENCE,CROSS_TABLE,INCLUDED,1,CLOSED
MFC-000363,363,REFERENCE_EXISTENCE,CROSS_TABLE,INCLUDED,1,CLOSED
MFC-000364,364,REFERENCE_EXISTENCE,CROSS_TABLE,INCLUDED,1,CLOSED
MFC-000365,365,REFERENCE_EXISTENCE,CROSS_TABLE,INCLUDED,1,CLOSED
MFC-000366,366,REFERENCE_EXISTENCE,CROSS_TABLE,INCLUDED,2,CLOSED
MFC-000367,367,REFERENCE_EXISTENCE,CROSS_TABLE,INCLUDED,1,CLOSED
MFC-000368,368,COMPARISON,INTRA_TABLE,INCLUDED,1,CLOSED
MFC-000369,369,COMPARISON,INTRA_TABLE,INCLUDED,1,CLOSED
MFC-000370,370,REFERENCE_EXISTENCE,CROSS_TABLE,INCLUDED,1,CLOSED
MFC-000371,371,REFERENCE_EXISTENCE,CROSS_TABLE,INCLUDED,1,CLOSED
MFC-000372,372,REFERENCE_EXISTENCE,CROSS_TABLE,INCLUDED,1,CLOSED
MFC-000373,373,REFERENCE_EXISTENCE,CROSS_TABLE,INCLUDED,1,CLOSED
MFC-000374,374,REFERENCE_EXISTENCE,CROSS_TABLE,INCLUDED,1,CLOSED
MFC-000375,375,REFERENCE_EXISTENCE,CROSS_TABLE,INCLUDED,1,CLOSED
MFC-000376,376,REFERENCE_EXISTENCE,CROSS_TABLE,INCLUDED,1,CLOSED
MFC-000377,377,REFERENCE_EXISTENCE,CROSS_TABLE,INCLUDED,2,CLOSED
MFC-000378,378,REFERENCE_EXISTENCE,CROSS_TABLE,INCLUDED,1,CLOSED
MFC-000379,379,REFERENCE_EXISTENCE,CROSS_TABLE,INCLUDED,1,CLOSED
MFC-000380,380,REFERENCE_EXISTENCE,CROSS_TABLE,INCLUDED,1,CLOSED
MFC-000381,381,REFERENCE_EXISTENCE,CROSS_TABLE,INCLUDED,1,CLOSED
MFC-000382,382,REFERENCE_EXISTENCE,CROSS_TABLE,INCLUDED,1,CLOSED
MFC-000383,383,REFERENCE_EXISTENCE,CROSS_TABLE,INCLUDED,1,CLOSED
MFC-000384,384,REFERENCE_EXISTENCE,CROSS_TABLE,INCLUDED,1,CLOSED
MFC-000385,385,REFERENCE_EXISTENCE,CROSS_TABLE,INCLUDED,1,CLOSED
MFC-000386,386,REFERENCE_EXISTENCE,CROSS_TABLE,INCLUDED,1,CLOSED
MFC-000387,387,REFERENCE_EXISTENCE,CROSS_TABLE,INCLUDED,1,CLOSED
MFC-000388,388,REFERENCE_EXISTENCE,CROSS_TABLE,INCLUDED,1,CLOSED
MFC-000389,389,REFERENCE_EXISTENCE,CROSS_TABLE,INCLUDED,1,CLOSED
MFC-000390,390,REFERENCE_EXISTENCE,CROSS_TABLE,INCLUDED,1,CLOSED
MFC-000391,391,REFERENCE_EXISTENCE,CROSS_TABLE,INCLUDED,1,CLOSED
MFC-000392,392,REFERENCE_EXISTENCE,CROSS_TABLE,INCLUDED,1,CLOSED
MFC-000393,393,REFERENCE_EXISTENCE,CROSS_TABLE,INCLUDED,1,CLOSED
MFC-000394,394,REFERENCE_EXISTENCE,CROSS_TABLE,INCLUDED,1,CLOSED
MFC-000395,395,REFERENCE_EXISTENCE,CROSS_TABLE,INCLUDED,1,CLOSED
MFC-000396,396,REFERENCE_EXISTENCE,CROSS_TABLE,INCLUDED,1,CLOSED
MFC-000397,397,REFERENCE_EXISTENCE,CROSS_TABLE,INCLUDED,1,CLOSED
MFC-000398,398,REFERENCE_EXISTENCE,CROSS_TABLE,INCLUDED,1,CLOSED
MFC-000399,399,REFERENCE_EXISTENCE,CROSS_TABLE,INCLUDED,2,CLOSED
MFC-000400,400,REFERENCE_EXISTENCE,CROSS_TABLE,INCLUDED,1,CLOSED
MFC-000401,401,REFERENCE_EXISTENCE,CROSS_TABLE,INCLUDED,1,CLOSED
MFC-000402,402,REFERENCE_EXISTENCE,CROSS_TABLE,INCLUDED,1,CLOSED
MFC-000403,403,REFERENCE_EXISTENCE,CROSS_TABLE,INCLUDED,1,CLOSED
MFC-000404,404,REFERENCE_EXISTENCE,CROSS_TABLE,INCLUDED,1,CLOSED
MFC-000405,405,REFERENCE_EXISTENCE,CROSS_TABLE,INCLUDED,2,CLOSED
MFC-000406,406,REFERENCE_EXISTENCE,CROSS_TABLE,INCLUDED,2,CLOSED
MFC-000407,407,REFERENCE_EXISTENCE,CROSS_TABLE,INCLUDED,1,CLOSED
MFC-000408,408,REFERENCE_EXISTENCE,CROSS_TABLE,INCLUDED,1,CLOSED
MFC-000409,409,REFERENCE_EXISTENCE,CROSS_TABLE,INCLUDED,1,CLOSED
MFC-000410,410,REFERENCE_EXISTENCE,CROSS_TABLE,INCLUDED,1,CLOSED
MFC-000411,411,REFERENCE_EXISTENCE,CROSS_TABLE,INCLUDED,1,CLOSED
MFC-000412,412,REFERENCE_EXISTENCE,CROSS_TABLE,INCLUDED,2,CLOSED
MFC-000413,413,REFERENCE_EXISTENCE,CROSS_TABLE,INCLUDED,1,CLOSED
MFC-000414,414,REFERENCE_EXISTENCE,CROSS_TABLE,INCLUDED,1,CLOSED
MFC-000415,415,REFERENCE_EXISTENCE,CROSS_TABLE,INCLUDED,1,CLOSED
MFC-000416,416,REFERENCE_EXISTENCE,CROSS_TABLE,INCLUDED,1,CLOSED
MFC-000417,417,REFERENCE_EXISTENCE,CROSS_TABLE,INCLUDED,1,CLOSED
MFC-000418,418,REFERENCE_EXISTENCE,CROSS_TABLE,INCLUDED,2,CLOSED
MFC-000419,419,REFERENCE_EXISTENCE,CROSS_TABLE,INCLUDED,1,CLOSED
MFC-000420,420,REFERENCE_EXISTENCE,CROSS_TABLE,INCLUDED,1,CLOSED
MFC-000421,421,REFERENCE_EXISTENCE,CROSS_TABLE,INCLUDED,1,CLOSED
MFC-000422,422,REFERENCE_EXISTENCE,CROSS_TABLE,INCLUDED,1,CLOSED
MFC-000423,423,REFERENCE_EXISTENCE,CROSS_TABLE,INCLUDED,1,CLOSED
MFC-000424,424,REFERENCE_EXISTENCE,CROSS_TABLE,INCLUDED,1,CLOSED
MFC-000425,425,REFERENCE_EXISTENCE,CROSS_TABLE,INCLUDED,1,CLOSED
MFC-000426,426,REFERENCE_EXISTENCE,CROSS_TABLE,INCLUDED,1,CLOSED
MFC-000427,427,REFERENCE_EXISTENCE,CROSS_TABLE,INCLUDED,1,CLOSED
MFC-000428,428,REFERENCE_EXISTENCE,CROSS_TABLE,INCLUDED,1,CLOSED
MFC-000429,429,REFERENCE_EXISTENCE,CROSS_TABLE,INCLUDED,1,CLOSED
MFC-000430,430,REFERENCE_EXISTENCE,CROSS_TABLE,INCLUDED,1,CLOSED
MFC-000431,431,REFERENCE_EXISTENCE,CROSS_TABLE,INCLUDED,1,CLOSED
MFC-000432,432,REFERENCE_EXISTENCE,CROSS_TABLE,INCLUDED,1,CLOSED
MFC-000433,433,REFERENCE_EXISTENCE,CROSS_TABLE,INCLUDED,1,CLOSED
MFC-000434,434,REFERENCE_EXISTENCE,CROSS_TABLE,INCLUDED,1,CLOSED
MFC-000435,435,REFERENCE_EXISTENCE,CROSS_TABLE,INCLUDED,1,CLOSED
MFC-000436,436,COMPARISON,INTRA_TABLE,INCLUDED,2,CLOSED
MFC-000437,437,REFERENCE_EXISTENCE,CROSS_TABLE,INCLUDED,1,CLOSED
MFC-000438,438,REFERENCE_EXISTENCE,CROSS_TABLE,INCLUDED,1,CLOSED
MFC-000439,439,REFERENCE_EXISTENCE,CROSS_TABLE,INCLUDED,1,CLOSED
MFC-000440,440,REFERENCE_EXISTENCE,CROSS_TABLE,INCLUDED,1,CLOSED
MFC-000441,441,REFERENCE_EXISTENCE,CROSS_TABLE,INCLUDED,1,CLOSED
MFC-000442,442,REFERENCE_EXISTENCE,CROSS_TABLE,INCLUDED,1,CLOSED
MFC-000443,443,REFERENCE_EXISTENCE,CROSS_TABLE,INCLUDED,1,CLOSED
MFC-000444,444,REFERENCE_EXISTENCE,CROSS_TABLE,INCLUDED,1,CLOSED
MFC-000445,445,REFERENCE_EXISTENCE,CROSS_TABLE,INCLUDED,1,CLOSED
MFC-000446,446,REFERENCE_EXISTENCE,CROSS_TABLE,INCLUDED,1,CLOSED
MFC-000447,447,COMPARISON,INTRA_TABLE,INCLUDED,2,CLOSED
MFC-000449,449,REFERENCE_EXISTENCE,CROSS_TABLE,INCLUDED,1,CLOSED
MFC-000450,450,REFERENCE_EXISTENCE,CROSS_TABLE,INCLUDED,1,CLOSED
MFC-000451,451,REFERENCE_EXISTENCE,CROSS_TABLE,INCLUDED,1,CLOSED
MFC-000452,452,REFERENCE_EXISTENCE,CROSS_TABLE,INCLUDED,1,CLOSED
MFC-000453,453,REFERENCE_EXISTENCE,CROSS_TABLE,INCLUDED,1,CLOSED
MFC-000454,454,REFERENCE_EXISTENCE,CROSS_TABLE,INCLUDED,1,CLOSED
MFC-000456,456,REFERENCE_EXISTENCE,CROSS_TABLE,INCLUDED,1,CLOSED
MFC-000457,457,REFERENCE_EXISTENCE,CROSS_TABLE,INCLUDED,1,CLOSED
MFC-000458,458,REFERENCE_EXISTENCE,CROSS_TABLE,INCLUDED,1,CLOSED
MFC-000459,459,REFERENCE_EXISTENCE,CROSS_TABLE,INCLUDED,1,CLOSED
MFC-000460,460,REFERENCE_EXISTENCE,CROSS_TABLE,INCLUDED,1,CLOSED
MFC-000461,461,REFERENCE_EXISTENCE,CROSS_TABLE,INCLUDED,1,CLOSED
MFC-000462,462,REFERENCE_EXISTENCE,CROSS_TABLE,INCLUDED,2,CLOSED
MFC-000463,463,REFERENCE_EXISTENCE,CROSS_TABLE,INCLUDED,1,CLOSED
MFC-000464,464,REFERENCE_EXISTENCE,CROSS_TABLE,INCLUDED,1,CLOSED
MFC-000465,465,REFERENCE_EXISTENCE,CROSS_TABLE,INCLUDED,1,CLOSED
MFC-000466,466,REFERENCE_EXISTENCE,CROSS_TABLE,INCLUDED,1,CLOSED
MFC-000467,467,REFERENCE_EXISTENCE,CROSS_TABLE,INCLUDED,1,CLOSED
MFC-000468,468,REFERENCE_EXISTENCE,CROSS_TABLE,INCLUDED,1,CLOSED
MFC-000469,469,REFERENCE_EXISTENCE,CROSS_TABLE,INCLUDED,2,CLOSED
MFC-000470,470,REFERENCE_EXISTENCE,CROSS_TABLE,INCLUDED,1,CLOSED
MFC-000471,471,REFERENCE_EXISTENCE,CROSS_TABLE,INCLUDED,1,CLOSED
MFC-000472,472,REFERENCE_EXISTENCE,CROSS_TABLE,INCLUDED,1,CLOSED
